CODE_STIF_TRNS,CODE_STIF_RES,CODE_STIF_ARRET,LIBELLE_ARRET,ID_REFA_LDA,CAT_JOUR,TRNC_HORR_60,pourc_validations
810,802,401,LA HACQUINIERE,62825,JOHV,16H-17H,2.6
810,802,401,LA HACQUINIERE,62825,JOHV,1H-2H,0.01
810,802,401,LA HACQUINIERE,62825,JOHV,20H-21H,1.34
810,802,401,LA HACQUINIERE,62825,JOHV,23H-0H,0.17
810,802,401,LA HACQUINIERE,62825,JOHV,5H-6H,1.48
810,802,401,LA HACQUINIERE,62825,JOHV,7H-8H,28.85
810,802,401,LA HACQUINIERE,62825,JOHV,8H-9H,23.84
810,802,401,LA HACQUINIERE,62825,JOHV,11H-12H,3
810,802,401,LA HACQUINIERE,62825,JOHV,17H-18H,3.48
810,802,401,LA HACQUINIERE,62825,JOHV,21H-22H,0.55
810,802,401,LA HACQUINIERE,62825,JOHV,9H-10H,7.69
810,802,401,LA HACQUINIERE,62825,JOHV,10H-11H,3.36
810,802,401,LA HACQUINIERE,62825,JOHV,12H-13H,3.23
810,802,401,LA HACQUINIERE,62825,JOHV,13H-14H,3.26
810,802,401,LA HACQUINIERE,62825,JOHV,15H-16H,2.14
810,802,401,LA HACQUINIERE,62825,JOHV,19H-20H,2.27
810,802,401,LA HACQUINIERE,62825,JOHV,6H-7H,6.62
810,802,401,LA HACQUINIERE,62825,JOHV,14H-15H,2.31
810,802,401,LA HACQUINIERE,62825,JOHV,22H-23H,0.36
810,802,401,LA HACQUINIERE,62825,JOHV,0H-1H,0
810,802,401,LA HACQUINIERE,62825,JOHV,18H-19H,3.05
810,802,401,LA HACQUINIERE,62825,JOHV,4H-5H,0.39
810,802,118,BURES-SUR-YVETTE,62851,JOHV,12H-13H,8.57
810,802,118,BURES-SUR-YVETTE,62851,JOHV,14H-15H,3.47
810,802,118,BURES-SUR-YVETTE,62851,JOHV,15H-16H,9.85
810,802,118,BURES-SUR-YVETTE,62851,JOHV,18H-19H,8.5
810,802,118,BURES-SUR-YVETTE,62851,JOHV,23H-0H,0.28
810,802,118,BURES-SUR-YVETTE,62851,JOHV,5H-6H,0.86
810,802,118,BURES-SUR-YVETTE,62851,JOHV,10H-11H,3.67
810,802,118,BURES-SUR-YVETTE,62851,JOHV,1H-2H,0
810,802,118,BURES-SUR-YVETTE,62851,JOHV,22H-23H,0.65
810,802,118,BURES-SUR-YVETTE,62851,JOHV,6H-7H,3.33
810,802,118,BURES-SUR-YVETTE,62851,JOHV,7H-8H,8.63
810,802,118,BURES-SUR-YVETTE,62851,JOHV,17H-18H,16.34
810,802,118,BURES-SUR-YVETTE,62851,JOHV,9H-10H,3.36
810,802,118,BURES-SUR-YVETTE,62851,JOHV,8H-9H,7.92
810,802,118,BURES-SUR-YVETTE,62851,JOHV,0H-1H,0.01
810,802,118,BURES-SUR-YVETTE,62851,JOHV,11H-12H,3.78
810,802,118,BURES-SUR-YVETTE,62851,JOHV,16H-17H,9.72
810,802,118,BURES-SUR-YVETTE,62851,JOHV,19H-20H,4.22
810,802,118,BURES-SUR-YVETTE,62851,JOHV,20H-21H,1.82
810,802,118,BURES-SUR-YVETTE,62851,JOHV,21H-22H,0.92
810,802,118,BURES-SUR-YVETTE,62851,JOHV,13H-14H,3.89
810,802,118,BURES-SUR-YVETTE,62851,JOHV,4H-5H,0.2
810,802,330,GIF-SUR-YVETTE,62890,JOHV,0H-1H,0.01
810,802,330,GIF-SUR-YVETTE,62890,JOHV,10H-11H,3.39
810,802,330,GIF-SUR-YVETTE,62890,JOHV,13H-14H,3.41
810,802,330,GIF-SUR-YVETTE,62890,JOHV,19H-20H,3.55
810,802,330,GIF-SUR-YVETTE,62890,JOHV,20H-21H,1.54
810,802,330,GIF-SUR-YVETTE,62890,JOHV,11H-12H,3.29
810,802,330,GIF-SUR-YVETTE,62890,JOHV,12H-13H,3.73
810,802,330,GIF-SUR-YVETTE,62890,JOHV,14H-15H,3.07
810,802,330,GIF-SUR-YVETTE,62890,JOHV,15H-16H,3.17
810,802,330,GIF-SUR-YVETTE,62890,JOHV,1H-2H,0
810,802,330,GIF-SUR-YVETTE,62890,JOHV,21H-22H,0.61
810,802,330,GIF-SUR-YVETTE,62890,JOHV,22H-23H,0.7
810,802,330,GIF-SUR-YVETTE,62890,JOHV,16H-17H,4.49
810,802,330,GIF-SUR-YVETTE,62890,JOHV,17H-18H,7.33
810,802,330,GIF-SUR-YVETTE,62890,JOHV,5H-6H,1.03
810,802,330,GIF-SUR-YVETTE,62890,JOHV,8H-9H,17.52
810,802,330,GIF-SUR-YVETTE,62890,JOHV,9H-10H,6.34
810,802,330,GIF-SUR-YVETTE,62890,JOHV,18H-19H,6.59
810,802,330,GIF-SUR-YVETTE,62890,JOHV,23H-0H,0.26
810,802,330,GIF-SUR-YVETTE,62890,JOHV,4H-5H,0.37
810,802,330,GIF-SUR-YVETTE,62890,JOHV,6H-7H,5.84
810,802,330,GIF-SUR-YVETTE,62890,JOHV,7H-8H,23.75
810,802,612,ORSAY-VILLE,62892,JOHV,12H-13H,5.12
810,802,612,ORSAY-VILLE,62892,JOHV,18H-19H,10.87
810,802,612,ORSAY-VILLE,62892,JOHV,20H-21H,2.49
810,802,612,ORSAY-VILLE,62892,JOHV,14H-15H,3.62
810,802,612,ORSAY-VILLE,62892,JOHV,15H-16H,5.9
810,802,612,ORSAY-VILLE,62892,JOHV,16H-17H,9.04
810,802,612,ORSAY-VILLE,62892,JOHV,17H-18H,14.93
810,802,612,ORSAY-VILLE,62892,JOHV,22H-23H,1.02
810,802,612,ORSAY-VILLE,62892,JOHV,23H-0H,0.47
810,802,612,ORSAY-VILLE,62892,JOHV,6H-7H,3.72
810,802,612,ORSAY-VILLE,62892,JOHV,7H-8H,11.24
810,802,612,ORSAY-VILLE,62892,JOHV,8H-9H,10.12
810,802,612,ORSAY-VILLE,62892,JOHV,19H-20H,5.38
810,802,612,ORSAY-VILLE,62892,JOHV,21H-22H,1.08
810,802,612,ORSAY-VILLE,62892,JOHV,9H-10H,3.87
810,802,612,ORSAY-VILLE,62892,JOHV,0H-1H,0.02
810,802,612,ORSAY-VILLE,62892,JOHV,10H-11H,2.96
810,802,612,ORSAY-VILLE,62892,JOHV,11H-12H,3.03
810,802,612,ORSAY-VILLE,62892,JOHV,1H-2H,0.01
810,802,612,ORSAY-VILLE,62892,JOHV,5H-6H,0.85
810,802,612,ORSAY-VILLE,62892,JOHV,13H-14H,4.15
810,802,612,ORSAY-VILLE,62892,JOHV,4H-5H,0.08
810,802,219,COURCELLE-SUR-YVETTE,62951,JOHV,18H-19H,7.41
810,802,219,COURCELLE-SUR-YVETTE,62951,JOHV,22H-23H,0.48
810,802,219,COURCELLE-SUR-YVETTE,62951,JOHV,4H-5H,0.25
810,802,219,COURCELLE-SUR-YVETTE,62951,JOHV,11H-12H,4.07
810,802,219,COURCELLE-SUR-YVETTE,62951,JOHV,23H-0H,0.19
810,802,219,COURCELLE-SUR-YVETTE,62951,JOHV,5H-6H,1.07
810,802,219,COURCELLE-SUR-YVETTE,62951,JOHV,10H-11H,3.62
810,802,219,COURCELLE-SUR-YVETTE,62951,JOHV,12H-13H,7.89
810,802,219,COURCELLE-SUR-YVETTE,62951,JOHV,14H-15H,3.25
810,802,219,COURCELLE-SUR-YVETTE,62951,JOHV,15H-16H,7
810,802,219,COURCELLE-SUR-YVETTE,62951,JOHV,21H-22H,0.64
810,802,219,COURCELLE-SUR-YVETTE,62951,JOHV,7H-8H,12.44
810,802,219,COURCELLE-SUR-YVETTE,62951,JOHV,0H-1H,0.01
810,802,219,COURCELLE-SUR-YVETTE,62951,JOHV,13H-14H,6.23
810,802,219,COURCELLE-SUR-YVETTE,62951,JOHV,16H-17H,11.86
810,802,219,COURCELLE-SUR-YVETTE,62951,JOHV,17H-18H,13.02
810,802,219,COURCELLE-SUR-YVETTE,62951,JOHV,19H-20H,1.88
810,802,219,COURCELLE-SUR-YVETTE,62951,JOHV,1H-2H,0.01
810,802,219,COURCELLE-SUR-YVETTE,62951,JOHV,6H-7H,3.6
810,802,219,COURCELLE-SUR-YVETTE,62951,JOHV,9H-10H,4.11
810,802,219,COURCELLE-SUR-YVETTE,62951,JOHV,20H-21H,0.93
810,802,219,COURCELLE-SUR-YVETTE,62951,JOHV,8H-9H,10.03
810,802,839,SAINT-REMY-LES-CHEVREUSE,62978,JOHV,13H-14H,2.69
810,802,839,SAINT-REMY-LES-CHEVREUSE,62978,JOHV,15H-16H,2.36
810,802,839,SAINT-REMY-LES-CHEVREUSE,62978,JOHV,16H-17H,4.02
810,802,839,SAINT-REMY-LES-CHEVREUSE,62978,JOHV,3H-4H,0
810,802,839,SAINT-REMY-LES-CHEVREUSE,62978,JOHV,7H-8H,30.3
810,802,839,SAINT-REMY-LES-CHEVREUSE,62978,JOHV,11H-12H,2.42
810,802,839,SAINT-REMY-LES-CHEVREUSE,62978,JOHV,14H-15H,2.23
810,802,839,SAINT-REMY-LES-CHEVREUSE,62978,JOHV,23H-0H,0.13
810,802,839,SAINT-REMY-LES-CHEVREUSE,62978,JOHV,8H-9H,18.6
810,802,839,SAINT-REMY-LES-CHEVREUSE,62978,JOHV,17H-18H,6.83
810,802,839,SAINT-REMY-LES-CHEVREUSE,62978,JOHV,18H-19H,4.68
810,802,839,SAINT-REMY-LES-CHEVREUSE,62978,JOHV,19H-20H,2.05
810,802,839,SAINT-REMY-LES-CHEVREUSE,62978,JOHV,20H-21H,1.05
810,802,839,SAINT-REMY-LES-CHEVREUSE,62978,JOHV,22H-23H,0.36
810,802,839,SAINT-REMY-LES-CHEVREUSE,62978,JOHV,4H-5H,0.42
810,802,839,SAINT-REMY-LES-CHEVREUSE,62978,JOHV,10H-11H,3.06
810,802,839,SAINT-REMY-LES-CHEVREUSE,62978,JOHV,21H-22H,0.38
810,802,839,SAINT-REMY-LES-CHEVREUSE,62978,JOHV,5H-6H,1.1
810,802,839,SAINT-REMY-LES-CHEVREUSE,62978,JOHV,6H-7H,7.65
810,802,839,SAINT-REMY-LES-CHEVREUSE,62978,JOHV,0H-1H,0
810,802,839,SAINT-REMY-LES-CHEVREUSE,62978,JOHV,12H-13H,3.17
810,802,839,SAINT-REMY-LES-CHEVREUSE,62978,JOHV,9H-10H,6.5
810,802,429,LE GUICHET,63025,JOHV,11H-12H,1.91
810,802,429,LE GUICHET,63025,JOHV,13H-14H,3.32
810,802,429,LE GUICHET,63025,JOHV,16H-17H,12.15
810,802,429,LE GUICHET,63025,JOHV,19H-20H,7.64
810,802,429,LE GUICHET,63025,JOHV,20H-21H,2.58
810,802,429,LE GUICHET,63025,JOHV,22H-23H,0.54
810,802,429,LE GUICHET,63025,JOHV,4H-5H,0.09
810,802,429,LE GUICHET,63025,JOHV,7H-8H,8.75
810,802,429,LE GUICHET,63025,JOHV,15H-16H,4.79
810,802,429,LE GUICHET,63025,JOHV,23H-0H,0.32
810,802,429,LE GUICHET,63025,JOHV,8H-9H,8.81
810,802,429,LE GUICHET,63025,JOHV,14H-15H,2.71
810,802,429,LE GUICHET,63025,JOHV,17H-18H,19.53
810,802,429,LE GUICHET,63025,JOHV,0H-1H,0.02
810,802,429,LE GUICHET,63025,JOHV,10H-11H,1.93
810,802,429,LE GUICHET,63025,JOHV,12H-13H,3.72
810,802,429,LE GUICHET,63025,JOHV,1H-2H,0
810,802,429,LE GUICHET,63025,JOHV,18H-19H,14.44
810,802,429,LE GUICHET,63025,JOHV,21H-22H,0.75
810,802,429,LE GUICHET,63025,JOHV,5H-6H,0.62
810,802,429,LE GUICHET,63025,JOHV,6H-7H,2.37
810,802,429,LE GUICHET,63025,JOHV,9H-10H,3
810,802,483,LOZERE,63029,JOHV,10H-11H,3.3
810,802,483,LOZERE,63029,JOHV,14H-15H,2.77
810,802,483,LOZERE,63029,JOHV,17H-18H,8.3
810,802,483,LOZERE,63029,JOHV,20H-21H,3.16
810,802,483,LOZERE,63029,JOHV,11H-12H,2.64
810,802,483,LOZERE,63029,JOHV,16H-17H,5.36
810,802,483,LOZERE,63029,JOHV,19H-20H,4.75
810,802,483,LOZERE,63029,JOHV,7H-8H,20.07
810,802,483,LOZERE,63029,JOHV,0H-1H,0.07
810,802,483,LOZERE,63029,JOHV,12H-13H,3.69
810,802,483,LOZERE,63029,JOHV,4H-5H,0.27
810,802,483,LOZERE,63029,JOHV,9H-10H,5.74
810,802,483,LOZERE,63029,JOHV,22H-23H,0.89
810,802,483,LOZERE,63029,JOHV,13H-14H,3.32
810,802,483,LOZERE,63029,JOHV,8H-9H,16.58
810,802,483,LOZERE,63029,JOHV,15H-16H,3.31
810,802,483,LOZERE,63029,JOHV,18H-19H,7.92
810,802,483,LOZERE,63029,JOHV,21H-22H,1.32
810,802,483,LOZERE,63029,JOHV,5H-6H,1.13
810,802,483,LOZERE,63029,JOHV,6H-7H,4.75
810,802,483,LOZERE,63029,JOHV,1H-2H,0.01
810,802,483,LOZERE,63029,JOHV,23H-0H,0.66
810,802,617,PALAISEAU-VILLEBON,63067,JOHV,10H-11H,2.96
810,802,617,PALAISEAU-VILLEBON,63067,JOHV,15H-16H,5.69
810,802,617,PALAISEAU-VILLEBON,63067,JOHV,16H-17H,7.89
810,802,617,PALAISEAU-VILLEBON,63067,JOHV,3H-4H,0
810,802,617,PALAISEAU-VILLEBON,63067,JOHV,6H-7H,6.01
810,802,617,PALAISEAU-VILLEBON,63067,JOHV,8H-9H,18.74
810,802,617,PALAISEAU-VILLEBON,63067,JOHV,9H-10H,5.9
810,802,617,PALAISEAU-VILLEBON,63067,JOHV,0H-1H,0.04
810,802,617,PALAISEAU-VILLEBON,63067,JOHV,18H-19H,3.31
810,802,617,PALAISEAU-VILLEBON,63067,JOHV,19H-20H,1.89
810,802,617,PALAISEAU-VILLEBON,63067,JOHV,23H-0H,0.36
810,802,617,PALAISEAU-VILLEBON,63067,JOHV,5H-6H,1.56
810,802,617,PALAISEAU-VILLEBON,63067,JOHV,20H-21H,1.09
810,802,617,PALAISEAU-VILLEBON,63067,JOHV,4H-5H,0.19
810,802,617,PALAISEAU-VILLEBON,63067,JOHV,11H-12H,2.94
810,802,617,PALAISEAU-VILLEBON,63067,JOHV,12H-13H,4.08
810,802,617,PALAISEAU-VILLEBON,63067,JOHV,13H-14H,3.46
810,802,617,PALAISEAU-VILLEBON,63067,JOHV,17H-18H,9.99
810,802,617,PALAISEAU-VILLEBON,63067,JOHV,21H-22H,0.64
810,802,617,PALAISEAU-VILLEBON,63067,JOHV,14H-15H,2.96
810,802,617,PALAISEAU-VILLEBON,63067,JOHV,22H-23H,0.51
810,802,617,PALAISEAU-VILLEBON,63067,JOHV,7H-8H,19.78
810,802,616,PALAISEAU,63175,JOHV,11H-12H,4.14
810,802,616,PALAISEAU,63175,JOHV,12H-13H,4.43
810,802,616,PALAISEAU,63175,JOHV,13H-14H,4.16
810,802,616,PALAISEAU,63175,JOHV,16H-17H,5.24
810,802,616,PALAISEAU,63175,JOHV,0H-1H,0.07
810,802,616,PALAISEAU,63175,JOHV,15H-16H,4.61
810,802,616,PALAISEAU,63175,JOHV,7H-8H,17.77
810,802,616,PALAISEAU,63175,JOHV,10H-11H,4.44
810,802,616,PALAISEAU,63175,JOHV,14H-15H,3.47
810,802,616,PALAISEAU,63175,JOHV,17H-18H,5.46
810,802,616,PALAISEAU,63175,JOHV,20H-21H,1.58
810,802,616,PALAISEAU,63175,JOHV,18H-19H,3.72
810,802,616,PALAISEAU,63175,JOHV,21H-22H,0.89
810,802,616,PALAISEAU,63175,JOHV,22H-23H,0.97
810,802,616,PALAISEAU,63175,JOHV,23H-0H,0.37
810,802,616,PALAISEAU,63175,JOHV,4H-5H,0.13
810,802,616,PALAISEAU,63175,JOHV,6H-7H,6.32
810,802,616,PALAISEAU,63175,JOHV,8H-9H,19.22
810,802,616,PALAISEAU,63175,JOHV,19H-20H,2.54
810,802,616,PALAISEAU,63175,JOHV,5H-6H,2.54
810,802,616,PALAISEAU,63175,JOHV,9H-10H,7.93
810,802,520,MASSY-PALAISEAU,63244,JOHV,17H-18H,11.01
810,802,520,MASSY-PALAISEAU,63244,JOHV,3H-4H,0.01
810,802,520,MASSY-PALAISEAU,63244,JOHV,12H-13H,3.57
810,802,520,MASSY-PALAISEAU,63244,JOHV,16H-17H,6.43
810,802,520,MASSY-PALAISEAU,63244,JOHV,1H-2H,0.02
810,802,520,MASSY-PALAISEAU,63244,JOHV,22H-23H,1.03
810,802,520,MASSY-PALAISEAU,63244,JOHV,23H-0H,0.59
810,802,520,MASSY-PALAISEAU,63244,JOHV,0H-1H,0.11
810,802,520,MASSY-PALAISEAU,63244,JOHV,10H-11H,3.04
810,802,520,MASSY-PALAISEAU,63244,JOHV,11H-12H,2.81
810,802,520,MASSY-PALAISEAU,63244,JOHV,13H-14H,3.16
810,802,520,MASSY-PALAISEAU,63244,JOHV,19H-20H,5.92
810,802,520,MASSY-PALAISEAU,63244,JOHV,4H-5H,0.22
810,802,520,MASSY-PALAISEAU,63244,JOHV,7H-8H,13.27
810,802,520,MASSY-PALAISEAU,63244,JOHV,21H-22H,1.43
810,802,520,MASSY-PALAISEAU,63244,JOHV,5H-6H,1.18
810,802,520,MASSY-PALAISEAU,63244,JOHV,8H-9H,15.14
810,802,520,MASSY-PALAISEAU,63244,JOHV,14H-15H,2.73
810,802,520,MASSY-PALAISEAU,63244,JOHV,15H-16H,3.53
810,802,520,MASSY-PALAISEAU,63244,JOHV,18H-19H,11.21
810,802,520,MASSY-PALAISEAU,63244,JOHV,20H-21H,2.87
810,802,520,MASSY-PALAISEAU,63244,JOHV,2H-3H,0.01
810,802,520,MASSY-PALAISEAU,63244,JOHV,6H-7H,4.52
810,802,520,MASSY-PALAISEAU,63244,JOHV,9H-10H,6.17
810,802,523,MASSY-VERRIERES,63320,JOHV,18H-19H,3.34
810,802,523,MASSY-VERRIERES,63320,JOHV,0H-1H,0.05
810,802,523,MASSY-VERRIERES,63320,JOHV,22H-23H,0.67
810,802,523,MASSY-VERRIERES,63320,JOHV,6H-7H,7.58
810,802,523,MASSY-VERRIERES,63320,JOHV,15H-16H,2.69
810,802,523,MASSY-VERRIERES,63320,JOHV,17H-18H,4.55
810,802,523,MASSY-VERRIERES,63320,JOHV,1H-2H,0
810,802,523,MASSY-VERRIERES,63320,JOHV,12H-13H,3.71
810,802,523,MASSY-VERRIERES,63320,JOHV,13H-14H,3.08
810,802,523,MASSY-VERRIERES,63320,JOHV,16H-17H,3.47
810,802,523,MASSY-VERRIERES,63320,JOHV,19H-20H,2.24
810,802,523,MASSY-VERRIERES,63320,JOHV,20H-21H,1.15
810,802,523,MASSY-VERRIERES,63320,JOHV,23H-0H,0.27
810,802,523,MASSY-VERRIERES,63320,JOHV,4H-5H,0.52
810,802,523,MASSY-VERRIERES,63320,JOHV,8H-9H,24.49
810,802,523,MASSY-VERRIERES,63320,JOHV,10H-11H,3.71
810,802,523,MASSY-VERRIERES,63320,JOHV,11H-12H,3.03
810,802,523,MASSY-VERRIERES,63320,JOHV,14H-15H,2.68
810,802,523,MASSY-VERRIERES,63320,JOHV,21H-22H,0.7
810,802,523,MASSY-VERRIERES,63320,JOHV,5H-6H,2.36
810,802,523,MASSY-VERRIERES,63320,JOHV,7H-8H,22.4
810,802,523,MASSY-VERRIERES,63320,JOHV,9H-10H,7.3
810,802,904,VILLEPARISIS-MITRY-LE-NEUF,68916,JOHV,0H-1H,0.02
810,802,904,VILLEPARISIS-MITRY-LE-NEUF,68916,JOHV,10H-11H,3.62
810,802,904,VILLEPARISIS-MITRY-LE-NEUF,68916,JOHV,18H-19H,2.14
810,802,904,VILLEPARISIS-MITRY-LE-NEUF,68916,JOHV,21H-22H,0.46
810,802,904,VILLEPARISIS-MITRY-LE-NEUF,68916,JOHV,17H-18H,3.22
810,802,904,VILLEPARISIS-MITRY-LE-NEUF,68916,JOHV,2H-3H,0.22
810,802,904,VILLEPARISIS-MITRY-LE-NEUF,68916,JOHV,3H-4H,1.23
810,802,904,VILLEPARISIS-MITRY-LE-NEUF,68916,JOHV,4H-5H,6.79
810,802,904,VILLEPARISIS-MITRY-LE-NEUF,68916,JOHV,8H-9H,9.87
810,802,904,VILLEPARISIS-MITRY-LE-NEUF,68916,JOHV,19H-20H,1.37
810,802,904,VILLEPARISIS-MITRY-LE-NEUF,68916,JOHV,6H-7H,15.39
810,802,904,VILLEPARISIS-MITRY-LE-NEUF,68916,JOHV,11H-12H,3.19
810,802,904,VILLEPARISIS-MITRY-LE-NEUF,68916,JOHV,13H-14H,2.87
810,802,904,VILLEPARISIS-MITRY-LE-NEUF,68916,JOHV,23H-0H,0.11
810,802,904,VILLEPARISIS-MITRY-LE-NEUF,68916,JOHV,12H-13H,3.18
810,802,904,VILLEPARISIS-MITRY-LE-NEUF,68916,JOHV,16H-17H,3.35
810,802,904,VILLEPARISIS-MITRY-LE-NEUF,68916,JOHV,1H-2H,0
810,802,904,VILLEPARISIS-MITRY-LE-NEUF,68916,JOHV,20H-21H,0.95
810,802,904,VILLEPARISIS-MITRY-LE-NEUF,68916,JOHV,22H-23H,0.24
810,802,904,VILLEPARISIS-MITRY-LE-NEUF,68916,JOHV,14H-15H,3.31
810,802,904,VILLEPARISIS-MITRY-LE-NEUF,68916,JOHV,15H-16H,3.87
810,802,904,VILLEPARISIS-MITRY-LE-NEUF,68916,JOHV,5H-6H,14.96
810,802,904,VILLEPARISIS-MITRY-LE-NEUF,68916,JOHV,7H-8H,14.4
810,802,904,VILLEPARISIS-MITRY-LE-NEUF,68916,JOHV,9H-10H,5.23
810,802,551,MITRY-CLAYE,69065,JOHV,0H-1H,0.01
810,802,551,MITRY-CLAYE,69065,JOHV,11H-12H,3.04
810,802,551,MITRY-CLAYE,69065,JOHV,21H-22H,0.76
810,802,551,MITRY-CLAYE,69065,JOHV,10H-11H,3.08
810,802,551,MITRY-CLAYE,69065,JOHV,13H-14H,4.38
810,802,551,MITRY-CLAYE,69065,JOHV,14H-15H,3.5
810,802,551,MITRY-CLAYE,69065,JOHV,17H-18H,12.3
810,802,551,MITRY-CLAYE,69065,JOHV,18H-19H,6.51
810,802,551,MITRY-CLAYE,69065,JOHV,6H-7H,6.78
810,802,551,MITRY-CLAYE,69065,JOHV,7H-8H,17.84
810,802,551,MITRY-CLAYE,69065,JOHV,23H-0H,0.12
810,802,551,MITRY-CLAYE,69065,JOHV,5H-6H,1.22
810,802,551,MITRY-CLAYE,69065,JOHV,8H-9H,12.88
810,802,551,MITRY-CLAYE,69065,JOHV,16H-17H,9.12
810,802,551,MITRY-CLAYE,69065,JOHV,1H-2H,0.01
810,802,551,MITRY-CLAYE,69065,JOHV,20H-21H,1.65
810,802,551,MITRY-CLAYE,69065,JOHV,22H-23H,0.47
810,802,551,MITRY-CLAYE,69065,JOHV,9H-10H,4.13
810,802,551,MITRY-CLAYE,69065,JOHV,12H-13H,3.75
810,802,551,MITRY-CLAYE,69065,JOHV,15H-16H,5.36
810,802,551,MITRY-CLAYE,69065,JOHV,19H-20H,2.72
810,802,551,MITRY-CLAYE,69065,JOHV,4H-5H,0.37
810,802,445,LES BACONNETS,69622,JOHV,13H-14H,3.64
810,802,445,LES BACONNETS,69622,JOHV,22H-23H,1.08
810,802,445,LES BACONNETS,69622,JOHV,2H-3H,0
810,802,445,LES BACONNETS,69622,JOHV,8H-9H,21.52
810,802,445,LES BACONNETS,69622,JOHV,10H-11H,4.11
810,802,445,LES BACONNETS,69622,JOHV,18H-19H,3.78
810,802,445,LES BACONNETS,69622,JOHV,19H-20H,2.76
810,802,445,LES BACONNETS,69622,JOHV,0H-1H,0.16
810,802,445,LES BACONNETS,69622,JOHV,17H-18H,6.21
810,802,445,LES BACONNETS,69622,JOHV,5H-6H,2.68
810,802,445,LES BACONNETS,69622,JOHV,7H-8H,17.17
810,802,445,LES BACONNETS,69622,JOHV,12H-13H,3.92
810,802,445,LES BACONNETS,69622,JOHV,14H-15H,3.32
810,802,445,LES BACONNETS,69622,JOHV,1H-2H,0.03
810,802,445,LES BACONNETS,69622,JOHV,20H-21H,1.91
810,802,445,LES BACONNETS,69622,JOHV,23H-0H,0.56
810,802,445,LES BACONNETS,69622,JOHV,9H-10H,8.03
810,802,445,LES BACONNETS,69622,JOHV,11H-12H,3.42
810,802,445,LES BACONNETS,69622,JOHV,15H-16H,3.84
810,802,445,LES BACONNETS,69622,JOHV,16H-17H,4.82
810,802,445,LES BACONNETS,69622,JOHV,21H-22H,1.08
810,802,445,LES BACONNETS,69622,JOHV,3H-4H,0
810,802,445,LES BACONNETS,69622,JOHV,4H-5H,0.26
810,802,445,LES BACONNETS,69622,JOHV,6H-7H,5.68
810,802,286,FONTAINE-MICHALON,69647,JOHV,0H-1H,0.11
810,802,286,FONTAINE-MICHALON,69647,JOHV,12H-13H,3.51
810,802,286,FONTAINE-MICHALON,69647,JOHV,14H-15H,2.55
810,802,286,FONTAINE-MICHALON,69647,JOHV,17H-18H,4.58
810,802,286,FONTAINE-MICHALON,69647,JOHV,13H-14H,3.2
810,802,286,FONTAINE-MICHALON,69647,JOHV,18H-19H,3.34
810,802,286,FONTAINE-MICHALON,69647,JOHV,19H-20H,2.19
810,802,286,FONTAINE-MICHALON,69647,JOHV,21H-22H,0.7
810,802,286,FONTAINE-MICHALON,69647,JOHV,22H-23H,0.93
810,802,286,FONTAINE-MICHALON,69647,JOHV,2H-3H,0
810,802,286,FONTAINE-MICHALON,69647,JOHV,6H-7H,5.74
810,802,286,FONTAINE-MICHALON,69647,JOHV,8H-9H,26.13
810,802,286,FONTAINE-MICHALON,69647,JOHV,11H-12H,2.97
810,802,286,FONTAINE-MICHALON,69647,JOHV,20H-21H,1.1
810,802,286,FONTAINE-MICHALON,69647,JOHV,23H-0H,0.51
810,802,286,FONTAINE-MICHALON,69647,JOHV,4H-5H,0.31
810,802,286,FONTAINE-MICHALON,69647,JOHV,7H-8H,20.85
810,802,286,FONTAINE-MICHALON,69647,JOHV,10H-11H,3.8
810,802,286,FONTAINE-MICHALON,69647,JOHV,15H-16H,3.04
810,802,286,FONTAINE-MICHALON,69647,JOHV,16H-17H,4.06
810,802,286,FONTAINE-MICHALON,69647,JOHV,1H-2H,0.01
810,802,286,FONTAINE-MICHALON,69647,JOHV,5H-6H,2.2
810,802,286,FONTAINE-MICHALON,69647,JOHV,9H-10H,8.15
810,802,20,ANTONY,69759,JOHV,0H-1H,0.16
810,802,20,ANTONY,69759,JOHV,13H-14H,3.65
810,802,20,ANTONY,69759,JOHV,14H-15H,3.23
810,802,20,ANTONY,69759,JOHV,15H-16H,4.03
810,802,20,ANTONY,69759,JOHV,20H-21H,2.51
810,802,20,ANTONY,69759,JOHV,23H-0H,0.62
810,802,20,ANTONY,69759,JOHV,2H-3H,0
810,802,20,ANTONY,69759,JOHV,3H-4H,0
810,802,20,ANTONY,69759,JOHV,4H-5H,0.08
810,802,20,ANTONY,69759,JOHV,8H-9H,18.8
810,802,20,ANTONY,69759,JOHV,9H-10H,7.42
810,802,20,ANTONY,69759,JOHV,16H-17H,6.46
810,802,20,ANTONY,69759,JOHV,17H-18H,9.31
810,802,20,ANTONY,69759,JOHV,18H-19H,6.76
810,802,20,ANTONY,69759,JOHV,19H-20H,4.51
810,802,20,ANTONY,69759,JOHV,5H-6H,0.97
810,802,20,ANTONY,69759,JOHV,6H-7H,4.19
810,802,20,ANTONY,69759,JOHV,7H-8H,13.99
810,802,20,ANTONY,69759,JOHV,10H-11H,3.46
810,802,20,ANTONY,69759,JOHV,12H-13H,4.42
810,802,20,ANTONY,69759,JOHV,21H-22H,1.17
810,802,20,ANTONY,69759,JOHV,22H-23H,0.98
810,802,20,ANTONY,69759,JOHV,11H-12H,3.25
810,802,20,ANTONY,69759,JOHV,1H-2H,0.04
810,802,392,LA CROIX-DE-BERNY-FRESNES,69813,JOHV,12H-13H,4.02
810,802,392,LA CROIX-DE-BERNY-FRESNES,69813,JOHV,20H-21H,2.96
810,802,392,LA CROIX-DE-BERNY-FRESNES,69813,JOHV,5H-6H,1.65
810,802,392,LA CROIX-DE-BERNY-FRESNES,69813,JOHV,6H-7H,4.35
810,802,392,LA CROIX-DE-BERNY-FRESNES,69813,JOHV,0H-1H,0.17
810,802,392,LA CROIX-DE-BERNY-FRESNES,69813,JOHV,16H-17H,6.88
810,802,392,LA CROIX-DE-BERNY-FRESNES,69813,JOHV,21H-22H,1.69
810,802,392,LA CROIX-DE-BERNY-FRESNES,69813,JOHV,4H-5H,0.13
810,802,392,LA CROIX-DE-BERNY-FRESNES,69813,JOHV,9H-10H,6.77
810,802,392,LA CROIX-DE-BERNY-FRESNES,69813,JOHV,10H-11H,3.75
810,802,392,LA CROIX-DE-BERNY-FRESNES,69813,JOHV,17H-18H,10.12
810,802,392,LA CROIX-DE-BERNY-FRESNES,69813,JOHV,18H-19H,9.99
810,802,392,LA CROIX-DE-BERNY-FRESNES,69813,JOHV,1H-2H,0.02
810,802,392,LA CROIX-DE-BERNY-FRESNES,69813,JOHV,23H-0H,0.66
810,802,392,LA CROIX-DE-BERNY-FRESNES,69813,JOHV,2H-3H,0
810,802,392,LA CROIX-DE-BERNY-FRESNES,69813,JOHV,11H-12H,3.41
810,802,392,LA CROIX-DE-BERNY-FRESNES,69813,JOHV,19H-20H,5.22
810,802,392,LA CROIX-DE-BERNY-FRESNES,69813,JOHV,7H-8H,11.01
810,802,392,LA CROIX-DE-BERNY-FRESNES,69813,JOHV,8H-9H,14.21
810,802,392,LA CROIX-DE-BERNY-FRESNES,69813,JOHV,3H-4H,0
810,802,392,LA CROIX-DE-BERNY-FRESNES,69813,JOHV,13H-14H,3.7
810,802,392,LA CROIX-DE-BERNY-FRESNES,69813,JOHV,14H-15H,3.59
810,802,392,LA CROIX-DE-BERNY-FRESNES,69813,JOHV,15H-16H,4.45
810,802,392,LA CROIX-DE-BERNY-FRESNES,69813,JOHV,22H-23H,1.26
810,802,622,PARC-DE-SCEAUX,69906,JOHV,23H-0H,0.38
810,802,622,PARC-DE-SCEAUX,69906,JOHV,0H-1H,0.12
810,802,622,PARC-DE-SCEAUX,69906,JOHV,19H-20H,6.07
810,802,622,PARC-DE-SCEAUX,69906,JOHV,20H-21H,2.08
810,802,622,PARC-DE-SCEAUX,69906,JOHV,9H-10H,7.24
810,802,622,PARC-DE-SCEAUX,69906,JOHV,22H-23H,0.73
810,802,622,PARC-DE-SCEAUX,69906,JOHV,5H-6H,0.92
810,802,622,PARC-DE-SCEAUX,69906,JOHV,6H-7H,2.83
810,802,622,PARC-DE-SCEAUX,69906,JOHV,8H-9H,17.62
810,802,622,PARC-DE-SCEAUX,69906,JOHV,10H-11H,3.05
810,802,622,PARC-DE-SCEAUX,69906,JOHV,11H-12H,2.77
810,802,622,PARC-DE-SCEAUX,69906,JOHV,12H-13H,3.67
810,802,622,PARC-DE-SCEAUX,69906,JOHV,14H-15H,2.69
810,802,622,PARC-DE-SCEAUX,69906,JOHV,15H-16H,3.63
810,802,622,PARC-DE-SCEAUX,69906,JOHV,17H-18H,11.41
810,802,622,PARC-DE-SCEAUX,69906,JOHV,18H-19H,11.69
810,802,622,PARC-DE-SCEAUX,69906,JOHV,2H-3H,0
810,802,622,PARC-DE-SCEAUX,69906,JOHV,3H-4H,0
810,802,622,PARC-DE-SCEAUX,69906,JOHV,4H-5H,0.12
810,802,622,PARC-DE-SCEAUX,69906,JOHV,7H-8H,12.35
810,802,622,PARC-DE-SCEAUX,69906,JOHV,13H-14H,3.45
810,802,622,PARC-DE-SCEAUX,69906,JOHV,16H-17H,6.31
810,802,622,PARC-DE-SCEAUX,69906,JOHV,1H-2H,0.04
810,802,622,PARC-DE-SCEAUX,69906,JOHV,21H-22H,0.84
810,802,102,BOURG-LA-REINE,70033,JOHV,10H-11H,3.9
810,802,102,BOURG-LA-REINE,70033,JOHV,14H-15H,3.39
810,802,102,BOURG-LA-REINE,70033,JOHV,15H-16H,4.1
810,802,102,BOURG-LA-REINE,70033,JOHV,20H-21H,2.46
810,802,102,BOURG-LA-REINE,70033,JOHV,6H-7H,3.66
810,802,102,BOURG-LA-REINE,70033,JOHV,12H-13H,4.33
810,802,102,BOURG-LA-REINE,70033,JOHV,18H-19H,6.22
810,802,102,BOURG-LA-REINE,70033,JOHV,2H-3H,0
810,802,102,BOURG-LA-REINE,70033,JOHV,4H-5H,0.11
810,802,102,BOURG-LA-REINE,70033,JOHV,5H-6H,1.07
810,802,102,BOURG-LA-REINE,70033,JOHV,7H-8H,13.08
810,802,102,BOURG-LA-REINE,70033,JOHV,9H-10H,9.19
810,802,102,BOURG-LA-REINE,70033,JOHV,11H-12H,3.48
810,802,102,BOURG-LA-REINE,70033,JOHV,13H-14H,3.91
810,802,102,BOURG-LA-REINE,70033,JOHV,16H-17H,5.3
810,802,102,BOURG-LA-REINE,70033,JOHV,21H-22H,1.47
810,802,102,BOURG-LA-REINE,70033,JOHV,3H-4H,0
810,802,102,BOURG-LA-REINE,70033,JOHV,8H-9H,20.26
810,802,102,BOURG-LA-REINE,70033,JOHV,0H-1H,0.25
810,802,102,BOURG-LA-REINE,70033,JOHV,22H-23H,1.15
810,802,102,BOURG-LA-REINE,70033,JOHV,23H-0H,0.74
810,802,102,BOURG-LA-REINE,70033,JOHV,17H-18H,7.5
810,802,102,BOURG-LA-REINE,70033,JOHV,19H-20H,4.32
810,802,102,BOURG-LA-REINE,70033,JOHV,1H-2H,0.1
810,802,742,ROBINSON,70035,JOHV,14H-15H,3.14
810,802,742,ROBINSON,70035,JOHV,21H-22H,1.01
810,802,742,ROBINSON,70035,JOHV,22H-23H,0.73
810,802,742,ROBINSON,70035,JOHV,9H-10H,5.86
810,802,742,ROBINSON,70035,JOHV,0H-1H,0.1
810,802,742,ROBINSON,70035,JOHV,12H-13H,4.6
810,802,742,ROBINSON,70035,JOHV,17H-18H,9.58
810,802,742,ROBINSON,70035,JOHV,1H-2H,0.02
810,802,742,ROBINSON,70035,JOHV,20H-21H,2.66
810,802,742,ROBINSON,70035,JOHV,3H-4H,0
810,802,742,ROBINSON,70035,JOHV,6H-7H,3.94
810,802,742,ROBINSON,70035,JOHV,8H-9H,17.97
810,802,742,ROBINSON,70035,JOHV,11H-12H,3.3
810,802,742,ROBINSON,70035,JOHV,13H-14H,3.66
810,802,742,ROBINSON,70035,JOHV,15H-16H,4.56
810,802,742,ROBINSON,70035,JOHV,16H-17H,8.3
810,802,742,ROBINSON,70035,JOHV,19H-20H,3.92
810,802,742,ROBINSON,70035,JOHV,23H-0H,0.34
810,802,742,ROBINSON,70035,JOHV,5H-6H,1.3
810,802,742,ROBINSON,70035,JOHV,10H-11H,2.97
810,802,742,ROBINSON,70035,JOHV,18H-19H,7.01
810,802,742,ROBINSON,70035,JOHV,4H-5H,0.18
810,802,742,ROBINSON,70035,JOHV,2H-3H,0
810,802,742,ROBINSON,70035,JOHV,7H-8H,14.84
810,802,287,FONTENAY-AUX-ROSES,70133,JOHV,14H-15H,3.07
810,802,287,FONTENAY-AUX-ROSES,70133,JOHV,17H-18H,6.84
810,802,287,FONTENAY-AUX-ROSES,70133,JOHV,18H-19H,5.02
810,802,287,FONTENAY-AUX-ROSES,70133,JOHV,1H-2H,0.04
810,802,287,FONTENAY-AUX-ROSES,70133,JOHV,23H-0H,0.62
810,802,287,FONTENAY-AUX-ROSES,70133,JOHV,2H-3H,0
810,802,287,FONTENAY-AUX-ROSES,70133,JOHV,16H-17H,4.7
810,802,287,FONTENAY-AUX-ROSES,70133,JOHV,20H-21H,2.23
810,802,287,FONTENAY-AUX-ROSES,70133,JOHV,21H-22H,1.12
810,802,287,FONTENAY-AUX-ROSES,70133,JOHV,22H-23H,0.9
810,802,287,FONTENAY-AUX-ROSES,70133,JOHV,3H-4H,0
810,802,287,FONTENAY-AUX-ROSES,70133,JOHV,9H-10H,8.15
810,802,287,FONTENAY-AUX-ROSES,70133,JOHV,10H-11H,3.74
810,802,287,FONTENAY-AUX-ROSES,70133,JOHV,11H-12H,3.3
810,802,287,FONTENAY-AUX-ROSES,70133,JOHV,19H-20H,3.57
810,802,287,FONTENAY-AUX-ROSES,70133,JOHV,4H-5H,0.38
810,802,287,FONTENAY-AUX-ROSES,70133,JOHV,5H-6H,1.93
810,802,287,FONTENAY-AUX-ROSES,70133,JOHV,6H-7H,4.45
810,802,287,FONTENAY-AUX-ROSES,70133,JOHV,12H-13H,3.92
810,802,287,FONTENAY-AUX-ROSES,70133,JOHV,13H-14H,3.67
810,802,287,FONTENAY-AUX-ROSES,70133,JOHV,8H-9H,21.6
810,802,287,FONTENAY-AUX-ROSES,70133,JOHV,0H-1H,0.14
810,802,287,FONTENAY-AUX-ROSES,70133,JOHV,15H-16H,3.58
810,802,287,FONTENAY-AUX-ROSES,70133,JOHV,7H-8H,17.02
810,802,45,BAGNEUX,70210,JOHV,12H-13H,5.04
810,802,45,BAGNEUX,70210,JOHV,14H-15H,3.51
810,802,45,BAGNEUX,70210,JOHV,13H-14H,4.51
810,802,45,BAGNEUX,70210,JOHV,17H-18H,10.18
810,802,45,BAGNEUX,70210,JOHV,16H-17H,6.4
810,802,45,BAGNEUX,70210,JOHV,23H-0H,0.65
810,802,45,BAGNEUX,70210,JOHV,6H-7H,3.87
810,802,45,BAGNEUX,70210,JOHV,10H-11H,3.75
810,802,45,BAGNEUX,70210,JOHV,11H-12H,3.44
810,802,45,BAGNEUX,70210,JOHV,1H-2H,0.02
810,802,45,BAGNEUX,70210,JOHV,20H-21H,2.4
810,802,45,BAGNEUX,70210,JOHV,4H-5H,0.03
810,802,45,BAGNEUX,70210,JOHV,7H-8H,11.27
810,802,45,BAGNEUX,70210,JOHV,9H-10H,7.88
810,802,45,BAGNEUX,70210,JOHV,22H-23H,1.03
810,802,45,BAGNEUX,70210,JOHV,8H-9H,16.14
810,802,45,BAGNEUX,70210,JOHV,0H-1H,0.18
810,802,45,BAGNEUX,70210,JOHV,18H-19H,7.71
810,802,45,BAGNEUX,70210,JOHV,19H-20H,4.47
810,802,45,BAGNEUX,70210,JOHV,2H-3H,0
810,802,45,BAGNEUX,70210,JOHV,3H-4H,0
810,802,45,BAGNEUX,70210,JOHV,5H-6H,1.69
810,802,45,BAGNEUX,70210,JOHV,15H-16H,4.51
810,802,45,BAGNEUX,70210,JOHV,21H-22H,1.31
810,802,22,ARCUEIL-CACHAN,70263,JOHV,11H-12H,3.68
810,802,22,ARCUEIL-CACHAN,70263,JOHV,12H-13H,4.57
810,802,22,ARCUEIL-CACHAN,70263,JOHV,22H-23H,0.92
810,802,22,ARCUEIL-CACHAN,70263,JOHV,10H-11H,3.74
810,802,22,ARCUEIL-CACHAN,70263,JOHV,13H-14H,3.63
810,802,22,ARCUEIL-CACHAN,70263,JOHV,18H-19H,9.12
810,802,22,ARCUEIL-CACHAN,70263,JOHV,19H-20H,4.88
810,802,22,ARCUEIL-CACHAN,70263,JOHV,4H-5H,0.04
810,802,22,ARCUEIL-CACHAN,70263,JOHV,16H-17H,7.12
810,802,22,ARCUEIL-CACHAN,70263,JOHV,21H-22H,1.24
810,802,22,ARCUEIL-CACHAN,70263,JOHV,23H-0H,0.62
810,802,22,ARCUEIL-CACHAN,70263,JOHV,3H-4H,0
810,802,22,ARCUEIL-CACHAN,70263,JOHV,7H-8H,10.89
810,802,22,ARCUEIL-CACHAN,70263,JOHV,8H-9H,16.19
810,802,22,ARCUEIL-CACHAN,70263,JOHV,0H-1H,0.17
810,802,22,ARCUEIL-CACHAN,70263,JOHV,14H-15H,3.28
810,802,22,ARCUEIL-CACHAN,70263,JOHV,15H-16H,4.23
810,802,22,ARCUEIL-CACHAN,70263,JOHV,17H-18H,10.53
810,802,22,ARCUEIL-CACHAN,70263,JOHV,1H-2H,0.03
810,802,22,ARCUEIL-CACHAN,70263,JOHV,20H-21H,2.41
810,802,22,ARCUEIL-CACHAN,70263,JOHV,2H-3H,0
810,802,22,ARCUEIL-CACHAN,70263,JOHV,5H-6H,1.48
810,802,22,ARCUEIL-CACHAN,70263,JOHV,6H-7H,3.66
810,802,22,ARCUEIL-CACHAN,70263,JOHV,9H-10H,7.57
810,802,403,LAPLACE,70427,JOHV,0H-1H,0.14
810,802,403,LAPLACE,70427,JOHV,13H-14H,3.39
810,802,403,LAPLACE,70427,JOHV,17H-18H,14.95
810,802,403,LAPLACE,70427,JOHV,1H-2H,0.01
810,802,403,LAPLACE,70427,JOHV,5H-6H,1.13
810,802,403,LAPLACE,70427,JOHV,8H-9H,11.97
810,802,403,LAPLACE,70427,JOHV,9H-10H,6.2
810,802,403,LAPLACE,70427,JOHV,22H-23H,0.74
810,802,403,LAPLACE,70427,JOHV,6H-7H,2.36
810,802,403,LAPLACE,70427,JOHV,10H-11H,3.01
810,802,403,LAPLACE,70427,JOHV,14H-15H,3.07
810,802,403,LAPLACE,70427,JOHV,16H-17H,8.82
810,802,403,LAPLACE,70427,JOHV,20H-21H,2.93
810,802,403,LAPLACE,70427,JOHV,4H-5H,0.03
810,802,403,LAPLACE,70427,JOHV,11H-12H,2.84
810,802,403,LAPLACE,70427,JOHV,12H-13H,3.57
810,802,403,LAPLACE,70427,JOHV,19H-20H,6.49
810,802,403,LAPLACE,70427,JOHV,3H-4H,0
810,802,403,LAPLACE,70427,JOHV,7H-8H,8.02
810,802,403,LAPLACE,70427,JOHV,15H-16H,4.63
810,802,403,LAPLACE,70427,JOHV,18H-19H,13.83
810,802,403,LAPLACE,70427,JOHV,21H-22H,1.33
810,802,403,LAPLACE,70427,JOHV,23H-0H,0.54
810,802,403,LAPLACE,70427,JOHV,2H-3H,0
810,802,327,GENTILLY,70543,JOHV,0H-1H,0.2
810,802,327,GENTILLY,70543,JOHV,13H-14H,3.38
810,802,327,GENTILLY,70543,JOHV,15H-16H,3.86
810,802,327,GENTILLY,70543,JOHV,16H-17H,7.02
810,802,327,GENTILLY,70543,JOHV,10H-11H,3.18
810,802,327,GENTILLY,70543,JOHV,12H-13H,3.39
810,802,327,GENTILLY,70543,JOHV,14H-15H,3.16
810,802,327,GENTILLY,70543,JOHV,18H-19H,13.89
810,802,327,GENTILLY,70543,JOHV,2H-3H,0.01
810,802,327,GENTILLY,70543,JOHV,3H-4H,0
810,802,327,GENTILLY,70543,JOHV,19H-20H,7.36
810,802,327,GENTILLY,70543,JOHV,23H-0H,0.5
810,802,327,GENTILLY,70543,JOHV,11H-12H,2.8
810,802,327,GENTILLY,70543,JOHV,1H-2H,0.04
810,802,327,GENTILLY,70543,JOHV,21H-22H,1.36
810,802,327,GENTILLY,70543,JOHV,22H-23H,0.84
810,802,327,GENTILLY,70543,JOHV,5H-6H,1.05
810,802,327,GENTILLY,70543,JOHV,17H-18H,12.71
810,802,327,GENTILLY,70543,JOHV,20H-21H,3.02
810,802,327,GENTILLY,70543,JOHV,4H-5H,0.02
810,802,327,GENTILLY,70543,JOHV,6H-7H,2.44
810,802,327,GENTILLY,70543,JOHV,7H-8H,9.01
810,802,327,GENTILLY,70543,JOHV,8H-9H,13.74
810,802,327,GENTILLY,70543,JOHV,9H-10H,7.01
810,802,189,CITE UNIVERSITAIRE,70623,JOHV,10H-11H,3.81
810,802,189,CITE UNIVERSITAIRE,70623,JOHV,1H-2H,0.01
810,802,189,CITE UNIVERSITAIRE,70623,JOHV,3H-4H,0.05
810,802,189,CITE UNIVERSITAIRE,70623,JOHV,4H-5H,0.06
810,802,189,CITE UNIVERSITAIRE,70623,JOHV,0H-1H,0.44
810,802,189,CITE UNIVERSITAIRE,70623,JOHV,11H-12H,3.23
810,802,189,CITE UNIVERSITAIRE,70623,JOHV,12H-13H,4.3
810,802,189,CITE UNIVERSITAIRE,70623,JOHV,13H-14H,4.21
810,802,189,CITE UNIVERSITAIRE,70623,JOHV,14H-15H,3.88
810,802,189,CITE UNIVERSITAIRE,70623,JOHV,19H-20H,7.33
810,802,189,CITE UNIVERSITAIRE,70623,JOHV,21H-22H,2.74
810,802,189,CITE UNIVERSITAIRE,70623,JOHV,5H-6H,0.87
810,802,189,CITE UNIVERSITAIRE,70623,JOHV,23H-0H,1.26
810,802,189,CITE UNIVERSITAIRE,70623,JOHV,6H-7H,2.04
810,802,189,CITE UNIVERSITAIRE,70623,JOHV,17H-18H,11.17
810,802,189,CITE UNIVERSITAIRE,70623,JOHV,18H-19H,10.68
810,802,189,CITE UNIVERSITAIRE,70623,JOHV,20H-21H,4.64
810,802,189,CITE UNIVERSITAIRE,70623,JOHV,2H-3H,0.03
810,802,189,CITE UNIVERSITAIRE,70623,JOHV,8H-9H,10.77
810,802,189,CITE UNIVERSITAIRE,70623,JOHV,9H-10H,7.35
810,802,189,CITE UNIVERSITAIRE,70623,JOHV,15H-16H,5.27
810,802,189,CITE UNIVERSITAIRE,70623,JOHV,16H-17H,7.7
810,802,189,CITE UNIVERSITAIRE,70623,JOHV,22H-23H,2.16
810,802,189,CITE UNIVERSITAIRE,70623,JOHV,7H-8H,6.01
810,802,235,DENFERT-ROCHEREAU,71056,JOHV,11H-12H,3.04
810,802,235,DENFERT-ROCHEREAU,71056,JOHV,15H-16H,5.42
810,802,235,DENFERT-ROCHEREAU,71056,JOHV,16H-17H,7.74
810,802,235,DENFERT-ROCHEREAU,71056,JOHV,1H-2H,0.02
810,802,235,DENFERT-ROCHEREAU,71056,JOHV,20H-21H,4.49
810,802,235,DENFERT-ROCHEREAU,71056,JOHV,21H-22H,2.88
810,802,235,DENFERT-ROCHEREAU,71056,JOHV,23H-0H,2.68
810,802,235,DENFERT-ROCHEREAU,71056,JOHV,5H-6H,0.77
810,802,235,DENFERT-ROCHEREAU,71056,JOHV,6H-7H,1.62
810,802,235,DENFERT-ROCHEREAU,71056,JOHV,17H-18H,10.52
810,802,235,DENFERT-ROCHEREAU,71056,JOHV,18H-19H,10.36
810,802,235,DENFERT-ROCHEREAU,71056,JOHV,8H-9H,11.31
810,802,235,DENFERT-ROCHEREAU,71056,JOHV,9H-10H,6.42
810,802,235,DENFERT-ROCHEREAU,71056,JOHV,2H-3H,0
810,802,235,DENFERT-ROCHEREAU,71056,JOHV,4H-5H,0.02
810,802,235,DENFERT-ROCHEREAU,71056,JOHV,7H-8H,5.54
810,802,235,DENFERT-ROCHEREAU,71056,JOHV,0H-1H,1.12
810,802,235,DENFERT-ROCHEREAU,71056,JOHV,12H-13H,4.04
810,802,235,DENFERT-ROCHEREAU,71056,JOHV,14H-15H,4.25
810,802,235,DENFERT-ROCHEREAU,71056,JOHV,3H-4H,0
810,802,235,DENFERT-ROCHEREAU,71056,JOHV,10H-11H,3.13
810,802,235,DENFERT-ROCHEREAU,71056,JOHV,13H-14H,4.5
810,802,235,DENFERT-ROCHEREAU,71056,JOHV,19H-20H,7.41
810,802,235,DENFERT-ROCHEREAU,71056,JOHV,22H-23H,2.72
810,802,680,PORT ROYAL,71106,JOHV,14H-15H,5.63
810,802,680,PORT ROYAL,71106,JOHV,17H-18H,13.25
810,802,680,PORT ROYAL,71106,JOHV,20H-21H,5.09
810,802,680,PORT ROYAL,71106,JOHV,8H-9H,6.4
810,802,680,PORT ROYAL,71106,JOHV,0H-1H,0.56
810,802,680,PORT ROYAL,71106,JOHV,15H-16H,7.13
810,802,680,PORT ROYAL,71106,JOHV,21H-22H,2.96
810,802,680,PORT ROYAL,71106,JOHV,5H-6H,0.33
810,802,680,PORT ROYAL,71106,JOHV,6H-7H,0.71
810,802,680,PORT ROYAL,71106,JOHV,9H-10H,4.38
810,802,680,PORT ROYAL,71106,JOHV,10H-11H,3.41
810,802,680,PORT ROYAL,71106,JOHV,12H-13H,4.92
810,802,680,PORT ROYAL,71106,JOHV,3H-4H,0
810,802,680,PORT ROYAL,71106,JOHV,4H-5H,0.01
810,802,680,PORT ROYAL,71106,JOHV,1H-2H,0.01
810,802,680,PORT ROYAL,71106,JOHV,22H-23H,2.26
810,802,680,PORT ROYAL,71106,JOHV,23H-0H,1.42
810,802,680,PORT ROYAL,71106,JOHV,2H-3H,0
810,802,680,PORT ROYAL,71106,JOHV,11H-12H,3.79
810,802,680,PORT ROYAL,71106,JOHV,13H-14H,4.93
810,802,680,PORT ROYAL,71106,JOHV,16H-17H,11.31
810,802,680,PORT ROYAL,71106,JOHV,18H-19H,10.28
810,802,680,PORT ROYAL,71106,JOHV,19H-20H,7.95
810,802,680,PORT ROYAL,71106,JOHV,7H-8H,3.26
810,802,484,LUXEMBOURG,71161,JOHV,15H-16H,6.74
810,802,484,LUXEMBOURG,71161,JOHV,19H-20H,9.47
810,802,484,LUXEMBOURG,71161,JOHV,6H-7H,0.45
810,802,484,LUXEMBOURG,71161,JOHV,11H-12H,3.29
810,802,484,LUXEMBOURG,71161,JOHV,16H-17H,10.51
810,802,484,LUXEMBOURG,71161,JOHV,23H-0H,1.89
810,802,484,LUXEMBOURG,71161,JOHV,9H-10H,3.2
810,802,484,LUXEMBOURG,71161,JOHV,12H-13H,4.8
810,802,484,LUXEMBOURG,71161,JOHV,1H-2H,0.01
810,802,484,LUXEMBOURG,71161,JOHV,21H-22H,3.49
810,802,484,LUXEMBOURG,71161,JOHV,22H-23H,2.47
810,802,484,LUXEMBOURG,71161,JOHV,0H-1H,0.79
810,802,484,LUXEMBOURG,71161,JOHV,13H-14H,4.74
810,802,484,LUXEMBOURG,71161,JOHV,14H-15H,4.58
810,802,484,LUXEMBOURG,71161,JOHV,17H-18H,15.16
810,802,484,LUXEMBOURG,71161,JOHV,20H-21H,6.12
810,802,484,LUXEMBOURG,71161,JOHV,3H-4H,0
810,802,484,LUXEMBOURG,71161,JOHV,4H-5H,0
810,802,484,LUXEMBOURG,71161,JOHV,5H-6H,0.15
810,802,484,LUXEMBOURG,71161,JOHV,7H-8H,2.03
810,802,484,LUXEMBOURG,71161,JOHV,10H-11H,2.24
810,802,484,LUXEMBOURG,71161,JOHV,18H-19H,13.23
810,802,484,LUXEMBOURG,71161,JOHV,2H-3H,0
810,802,484,LUXEMBOURG,71161,JOHV,8H-9H,4.63
810,802,404,LA PLAINE-STADE DE FRANCE,72211,JOHV,16H-17H,13.1
810,802,404,LA PLAINE-STADE DE FRANCE,72211,JOHV,3H-4H,0.82
810,802,404,LA PLAINE-STADE DE FRANCE,72211,JOHV,11H-12H,2.87
810,802,404,LA PLAINE-STADE DE FRANCE,72211,JOHV,22H-23H,0.65
810,802,404,LA PLAINE-STADE DE FRANCE,72211,JOHV,0H-1H,0.12
810,802,404,LA PLAINE-STADE DE FRANCE,72211,JOHV,14H-15H,6.36
810,802,404,LA PLAINE-STADE DE FRANCE,72211,JOHV,1H-2H,0
810,802,404,LA PLAINE-STADE DE FRANCE,72211,JOHV,21H-22H,1.17
810,802,404,LA PLAINE-STADE DE FRANCE,72211,JOHV,5H-6H,4.01
810,802,404,LA PLAINE-STADE DE FRANCE,72211,JOHV,7H-8H,5.13
810,802,404,LA PLAINE-STADE DE FRANCE,72211,JOHV,8H-9H,4.48
810,802,404,LA PLAINE-STADE DE FRANCE,72211,JOHV,13H-14H,3.98
810,802,404,LA PLAINE-STADE DE FRANCE,72211,JOHV,17H-18H,12.74
810,802,404,LA PLAINE-STADE DE FRANCE,72211,JOHV,18H-19H,9.76
810,802,404,LA PLAINE-STADE DE FRANCE,72211,JOHV,20H-21H,2.15
810,802,404,LA PLAINE-STADE DE FRANCE,72211,JOHV,9H-10H,3.41
810,802,404,LA PLAINE-STADE DE FRANCE,72211,JOHV,10H-11H,3.03
810,802,404,LA PLAINE-STADE DE FRANCE,72211,JOHV,12H-13H,3.37
810,802,404,LA PLAINE-STADE DE FRANCE,72211,JOHV,15H-16H,11
810,802,404,LA PLAINE-STADE DE FRANCE,72211,JOHV,19H-20H,4.49
810,802,404,LA PLAINE-STADE DE FRANCE,72211,JOHV,23H-0H,0.46
810,802,404,LA PLAINE-STADE DE FRANCE,72211,JOHV,2H-3H,0.04
810,802,404,LA PLAINE-STADE DE FRANCE,72211,JOHV,4H-5H,1.86
810,802,404,LA PLAINE-STADE DE FRANCE,72211,JOHV,6H-7H,5
810,802,34,LA COURNEUVE-AUBERVILLIERS,72598,JOHV,13H-14H,3.82
810,802,34,LA COURNEUVE-AUBERVILLIERS,72598,JOHV,15H-16H,4.77
810,802,34,LA COURNEUVE-AUBERVILLIERS,72598,JOHV,23H-0H,0.47
810,802,34,LA COURNEUVE-AUBERVILLIERS,72598,JOHV,16H-17H,7.01
810,802,34,LA COURNEUVE-AUBERVILLIERS,72598,JOHV,19H-20H,4.01
810,802,34,LA COURNEUVE-AUBERVILLIERS,72598,JOHV,4H-5H,0.45
810,802,34,LA COURNEUVE-AUBERVILLIERS,72598,JOHV,6H-7H,9.15
810,802,34,LA COURNEUVE-AUBERVILLIERS,72598,JOHV,0H-1H,0.15
810,802,34,LA COURNEUVE-AUBERVILLIERS,72598,JOHV,10H-11H,4.23
810,802,34,LA COURNEUVE-AUBERVILLIERS,72598,JOHV,17H-18H,8.49
810,802,34,LA COURNEUVE-AUBERVILLIERS,72598,JOHV,21H-22H,1.7
810,802,34,LA COURNEUVE-AUBERVILLIERS,72598,JOHV,2H-3H,0
810,802,34,LA COURNEUVE-AUBERVILLIERS,72598,JOHV,3H-4H,0.01
810,802,34,LA COURNEUVE-AUBERVILLIERS,72598,JOHV,11H-12H,3.49
810,802,34,LA COURNEUVE-AUBERVILLIERS,72598,JOHV,12H-13H,3.99
810,802,34,LA COURNEUVE-AUBERVILLIERS,72598,JOHV,14H-15H,3.89
810,802,34,LA COURNEUVE-AUBERVILLIERS,72598,JOHV,1H-2H,0
810,802,34,LA COURNEUVE-AUBERVILLIERS,72598,JOHV,20H-21H,2.47
810,802,34,LA COURNEUVE-AUBERVILLIERS,72598,JOHV,22H-23H,1.03
810,802,34,LA COURNEUVE-AUBERVILLIERS,72598,JOHV,5H-6H,4.84
810,802,34,LA COURNEUVE-AUBERVILLIERS,72598,JOHV,8H-9H,10.79
810,802,34,LA COURNEUVE-AUBERVILLIERS,72598,JOHV,9H-10H,6.54
810,802,34,LA COURNEUVE-AUBERVILLIERS,72598,JOHV,18H-19H,5.98
810,802,34,LA COURNEUVE-AUBERVILLIERS,72598,JOHV,7H-8H,12.73
810,802,427,LE BOURGET,72641,JOHV,1H-2H,0
810,802,427,LE BOURGET,72641,JOHV,3H-4H,1.01
810,802,427,LE BOURGET,72641,JOHV,5H-6H,9.09
810,802,427,LE BOURGET,72641,JOHV,0H-1H,0.23
810,802,427,LE BOURGET,72641,JOHV,12H-13H,3.86
810,802,427,LE BOURGET,72641,JOHV,13H-14H,4.07
810,802,427,LE BOURGET,72641,JOHV,14H-15H,5
810,802,427,LE BOURGET,72641,JOHV,20H-21H,2.04
810,802,427,LE BOURGET,72641,JOHV,4H-5H,3.73
810,802,427,LE BOURGET,72641,JOHV,6H-7H,10.84
810,802,427,LE BOURGET,72641,JOHV,11H-12H,3.46
810,802,427,LE BOURGET,72641,JOHV,15H-16H,6.29
810,802,427,LE BOURGET,72641,JOHV,16H-17H,6.54
810,802,427,LE BOURGET,72641,JOHV,17H-18H,6.46
810,802,427,LE BOURGET,72641,JOHV,18H-19H,4.65
810,802,427,LE BOURGET,72641,JOHV,19H-20H,3
810,802,427,LE BOURGET,72641,JOHV,21H-22H,1.26
810,802,427,LE BOURGET,72641,JOHV,2H-3H,0.04
810,802,427,LE BOURGET,72641,JOHV,8H-9H,8.03
810,802,427,LE BOURGET,72641,JOHV,10H-11H,3.98
810,802,427,LE BOURGET,72641,JOHV,22H-23H,0.74
810,802,427,LE BOURGET,72641,JOHV,23H-0H,0.42
810,802,427,LE BOURGET,72641,JOHV,7H-8H,10.16
810,802,427,LE BOURGET,72641,JOHV,9H-10H,5.1
810,802,37,AULNAY-SOUS-BOIS,72646,JOHV,0H-1H,0.14
810,802,37,AULNAY-SOUS-BOIS,72646,JOHV,15H-16H,5.1
810,802,37,AULNAY-SOUS-BOIS,72646,JOHV,1H-2H,0.01
810,802,37,AULNAY-SOUS-BOIS,72646,JOHV,21H-22H,1.18
810,802,37,AULNAY-SOUS-BOIS,72646,JOHV,4H-5H,2.93
810,802,37,AULNAY-SOUS-BOIS,72646,JOHV,16H-17H,5.69
810,802,37,AULNAY-SOUS-BOIS,72646,JOHV,19H-20H,2.71
810,802,37,AULNAY-SOUS-BOIS,72646,JOHV,2H-3H,0.26
810,802,37,AULNAY-SOUS-BOIS,72646,JOHV,18H-19H,4.64
810,802,37,AULNAY-SOUS-BOIS,72646,JOHV,22H-23H,0.75
810,802,37,AULNAY-SOUS-BOIS,72646,JOHV,5H-6H,6.4
810,802,37,AULNAY-SOUS-BOIS,72646,JOHV,6H-7H,11.09
810,802,37,AULNAY-SOUS-BOIS,72646,JOHV,7H-8H,13.26
810,802,37,AULNAY-SOUS-BOIS,72646,JOHV,11H-12H,3.57
810,802,37,AULNAY-SOUS-BOIS,72646,JOHV,14H-15H,4.08
810,802,37,AULNAY-SOUS-BOIS,72646,JOHV,20H-21H,1.72
810,802,37,AULNAY-SOUS-BOIS,72646,JOHV,3H-4H,0.75
810,802,37,AULNAY-SOUS-BOIS,72646,JOHV,8H-9H,11.58
810,802,37,AULNAY-SOUS-BOIS,72646,JOHV,10H-11H,3.99
810,802,37,AULNAY-SOUS-BOIS,72646,JOHV,12H-13H,4.06
810,802,37,AULNAY-SOUS-BOIS,72646,JOHV,13H-14H,3.71
810,802,37,AULNAY-SOUS-BOIS,72646,JOHV,17H-18H,6.77
810,802,37,AULNAY-SOUS-BOIS,72646,JOHV,23H-0H,0.42
810,802,37,AULNAY-SOUS-BOIS,72646,JOHV,9H-10H,5.17
810,802,77,BLANC-MESNIL,72648,JOHV,15H-16H,4.22
810,802,77,BLANC-MESNIL,72648,JOHV,22H-23H,1.8
810,802,77,BLANC-MESNIL,72648,JOHV,6H-7H,13.72
810,802,77,BLANC-MESNIL,72648,JOHV,14H-15H,3.61
810,802,77,BLANC-MESNIL,72648,JOHV,16H-17H,6.02
810,802,77,BLANC-MESNIL,72648,JOHV,23H-0H,0.42
810,802,77,BLANC-MESNIL,72648,JOHV,2H-3H,0
810,802,77,BLANC-MESNIL,72648,JOHV,7H-8H,14.8
810,802,77,BLANC-MESNIL,72648,JOHV,17H-18H,6.61
810,802,77,BLANC-MESNIL,72648,JOHV,18H-19H,4.18
810,802,77,BLANC-MESNIL,72648,JOHV,19H-20H,2.65
810,802,77,BLANC-MESNIL,72648,JOHV,21H-22H,1.8
810,802,77,BLANC-MESNIL,72648,JOHV,11H-12H,3.26
810,802,77,BLANC-MESNIL,72648,JOHV,12H-13H,3.59
810,802,77,BLANC-MESNIL,72648,JOHV,13H-14H,3.28
810,802,77,BLANC-MESNIL,72648,JOHV,1H-2H,0
810,802,77,BLANC-MESNIL,72648,JOHV,4H-5H,1.6
810,802,77,BLANC-MESNIL,72648,JOHV,5H-6H,5.11
810,802,77,BLANC-MESNIL,72648,JOHV,8H-9H,11.9
810,802,77,BLANC-MESNIL,72648,JOHV,9H-10H,5.5
810,802,77,BLANC-MESNIL,72648,JOHV,0H-1H,0.05
810,802,77,BLANC-MESNIL,72648,JOHV,10H-11H,3.79
810,802,77,BLANC-MESNIL,72648,JOHV,20H-21H,2.08
810,802,77,BLANC-MESNIL,72648,JOHV,3H-4H,0
810,802,242,DRANCY,72652,JOHV,15H-16H,4.36
810,802,242,DRANCY,72652,JOHV,2H-3H,0.04
810,802,242,DRANCY,72652,JOHV,3H-4H,0.54
810,802,242,DRANCY,72652,JOHV,7H-8H,13.84
810,802,242,DRANCY,72652,JOHV,9H-10H,6.41
810,802,242,DRANCY,72652,JOHV,13H-14H,3.27
810,802,242,DRANCY,72652,JOHV,18H-19H,3.03
810,802,242,DRANCY,72652,JOHV,11H-12H,3.5
810,802,242,DRANCY,72652,JOHV,17H-18H,4.85
810,802,242,DRANCY,72652,JOHV,21H-22H,0.76
810,802,242,DRANCY,72652,JOHV,23H-0H,0.26
810,802,242,DRANCY,72652,JOHV,5H-6H,9.98
810,802,242,DRANCY,72652,JOHV,6H-7H,12.76
810,802,242,DRANCY,72652,JOHV,0H-1H,0.09
810,802,242,DRANCY,72652,JOHV,12H-13H,3.67
810,802,242,DRANCY,72652,JOHV,16H-17H,5.34
810,802,242,DRANCY,72652,JOHV,20H-21H,1.33
810,802,242,DRANCY,72652,JOHV,8H-9H,11.75
810,802,242,DRANCY,72652,JOHV,10H-11H,4.44
810,802,242,DRANCY,72652,JOHV,14H-15H,3.28
810,802,242,DRANCY,72652,JOHV,19H-20H,1.95
810,802,242,DRANCY,72652,JOHV,1H-2H,0
810,802,242,DRANCY,72652,JOHV,22H-23H,0.48
810,802,242,DRANCY,72652,JOHV,4H-5H,4.05
810,802,796,SEVRAN-LIVRY,73439,JOHV,10H-11H,3.98
810,802,796,SEVRAN-LIVRY,73439,JOHV,14H-15H,3.75
810,802,796,SEVRAN-LIVRY,73439,JOHV,22H-23H,0.41
810,802,796,SEVRAN-LIVRY,73439,JOHV,23H-0H,0.22
810,802,796,SEVRAN-LIVRY,73439,JOHV,2H-3H,0.42
810,802,796,SEVRAN-LIVRY,73439,JOHV,16H-17H,3.74
810,802,796,SEVRAN-LIVRY,73439,JOHV,5H-6H,12.01
810,802,796,SEVRAN-LIVRY,73439,JOHV,9H-10H,5.16
810,802,796,SEVRAN-LIVRY,73439,JOHV,12H-13H,3.57
810,802,796,SEVRAN-LIVRY,73439,JOHV,18H-19H,2.51
810,802,796,SEVRAN-LIVRY,73439,JOHV,19H-20H,1.67
810,802,796,SEVRAN-LIVRY,73439,JOHV,20H-21H,1.11
810,802,796,SEVRAN-LIVRY,73439,JOHV,21H-22H,0.64
810,802,796,SEVRAN-LIVRY,73439,JOHV,3H-4H,2.06
810,802,796,SEVRAN-LIVRY,73439,JOHV,8H-9H,10.83
810,802,796,SEVRAN-LIVRY,73439,JOHV,0H-1H,0.14
810,802,796,SEVRAN-LIVRY,73439,JOHV,15H-16H,4.2
810,802,796,SEVRAN-LIVRY,73439,JOHV,17H-18H,3.55
810,802,796,SEVRAN-LIVRY,73439,JOHV,11H-12H,3.55
810,802,796,SEVRAN-LIVRY,73439,JOHV,13H-14H,3.45
810,802,796,SEVRAN-LIVRY,73439,JOHV,1H-2H,0.07
810,802,796,SEVRAN-LIVRY,73439,JOHV,4H-5H,6.11
810,802,796,SEVRAN-LIVRY,73439,JOHV,6H-7H,14.34
810,802,796,SEVRAN-LIVRY,73439,JOHV,7H-8H,12.5
810,802,889,VERT-GALANT,73482,JOHV,18H-19H,2.9
810,802,889,VERT-GALANT,73482,JOHV,19H-20H,1.72
810,802,889,VERT-GALANT,73482,JOHV,23H-0H,0.18
810,802,889,VERT-GALANT,73482,JOHV,3H-4H,0.34
810,802,889,VERT-GALANT,73482,JOHV,14H-15H,4.02
810,802,889,VERT-GALANT,73482,JOHV,17H-18H,4.28
810,802,889,VERT-GALANT,73482,JOHV,22H-23H,0.35
810,802,889,VERT-GALANT,73482,JOHV,9H-10H,5
810,802,889,VERT-GALANT,73482,JOHV,0H-1H,0.04
810,802,889,VERT-GALANT,73482,JOHV,12H-13H,3.74
810,802,889,VERT-GALANT,73482,JOHV,1H-2H,0
810,802,889,VERT-GALANT,73482,JOHV,21H-22H,0.56
810,802,889,VERT-GALANT,73482,JOHV,7H-8H,13.59
810,802,889,VERT-GALANT,73482,JOHV,10H-11H,4.19
810,802,889,VERT-GALANT,73482,JOHV,15H-16H,4.8
810,802,889,VERT-GALANT,73482,JOHV,20H-21H,1.03
810,802,889,VERT-GALANT,73482,JOHV,2H-3H,0.05
810,802,889,VERT-GALANT,73482,JOHV,5H-6H,12.38
810,802,889,VERT-GALANT,73482,JOHV,8H-9H,10.53
810,802,889,VERT-GALANT,73482,JOHV,11H-12H,3.52
810,802,889,VERT-GALANT,73482,JOHV,13H-14H,3.4
810,802,889,VERT-GALANT,73482,JOHV,16H-17H,4.44
810,802,889,VERT-GALANT,73482,JOHV,4H-5H,4.4
810,802,889,VERT-GALANT,73482,JOHV,6H-7H,14.56
810,802,795,SEVRAN-BEAUDOTTES,73491,JOHV,3H-4H,0
810,802,795,SEVRAN-BEAUDOTTES,73491,JOHV,4H-5H,0.58
810,802,795,SEVRAN-BEAUDOTTES,73491,JOHV,5H-6H,4.21
810,802,795,SEVRAN-BEAUDOTTES,73491,JOHV,6H-7H,10.97
810,802,795,SEVRAN-BEAUDOTTES,73491,JOHV,12H-13H,4.61
810,802,795,SEVRAN-BEAUDOTTES,73491,JOHV,16H-17H,6.02
810,802,795,SEVRAN-BEAUDOTTES,73491,JOHV,18H-19H,4.57
810,802,795,SEVRAN-BEAUDOTTES,73491,JOHV,20H-21H,2.32
810,802,795,SEVRAN-BEAUDOTTES,73491,JOHV,2H-3H,0
810,802,795,SEVRAN-BEAUDOTTES,73491,JOHV,7H-8H,14.13
810,802,795,SEVRAN-BEAUDOTTES,73491,JOHV,10H-11H,4.46
810,802,795,SEVRAN-BEAUDOTTES,73491,JOHV,1H-2H,0
810,802,795,SEVRAN-BEAUDOTTES,73491,JOHV,21H-22H,1.43
810,802,795,SEVRAN-BEAUDOTTES,73491,JOHV,22H-23H,0.8
810,802,795,SEVRAN-BEAUDOTTES,73491,JOHV,9H-10H,5.8
810,802,795,SEVRAN-BEAUDOTTES,73491,JOHV,0H-1H,0.04
810,802,795,SEVRAN-BEAUDOTTES,73491,JOHV,11H-12H,4.08
810,802,795,SEVRAN-BEAUDOTTES,73491,JOHV,19H-20H,3.05
810,802,795,SEVRAN-BEAUDOTTES,73491,JOHV,23H-0H,0.34
810,802,795,SEVRAN-BEAUDOTTES,73491,JOHV,8H-9H,12.4
810,802,795,SEVRAN-BEAUDOTTES,73491,JOHV,13H-14H,4.58
810,802,795,SEVRAN-BEAUDOTTES,73491,JOHV,14H-15H,4.37
810,802,795,SEVRAN-BEAUDOTTES,73491,JOHV,15H-16H,4.73
810,802,795,SEVRAN-BEAUDOTTES,73491,JOHV,17H-18H,6.51
810,802,905,VILLEPINTE,73547,JOHV,12H-13H,3.43
810,802,905,VILLEPINTE,73547,JOHV,5H-6H,13.08
810,802,905,VILLEPINTE,73547,JOHV,7H-8H,13.68
810,802,905,VILLEPINTE,73547,JOHV,0H-1H,0.02
810,802,905,VILLEPINTE,73547,JOHV,17H-18H,3.51
810,802,905,VILLEPINTE,73547,JOHV,6H-7H,13.34
810,802,905,VILLEPINTE,73547,JOHV,9H-10H,4.7
810,802,905,VILLEPINTE,73547,JOHV,13H-14H,3.21
810,802,905,VILLEPINTE,73547,JOHV,16H-17H,3.73
810,802,905,VILLEPINTE,73547,JOHV,8H-9H,10.55
810,802,905,VILLEPINTE,73547,JOHV,4H-5H,6.48
810,802,905,VILLEPINTE,73547,JOHV,11H-12H,2.97
810,802,905,VILLEPINTE,73547,JOHV,14H-15H,3.94
810,802,905,VILLEPINTE,73547,JOHV,15H-16H,4.21
810,802,905,VILLEPINTE,73547,JOHV,19H-20H,1.58
810,802,905,VILLEPINTE,73547,JOHV,1H-2H,0
810,802,905,VILLEPINTE,73547,JOHV,3H-4H,2.5
810,802,905,VILLEPINTE,73547,JOHV,18H-19H,2.39
810,802,905,VILLEPINTE,73547,JOHV,22H-23H,0.35
810,802,905,VILLEPINTE,73547,JOHV,23H-0H,0.16
810,802,905,VILLEPINTE,73547,JOHV,2H-3H,0.9
810,802,905,VILLEPINTE,73547,JOHV,21H-22H,0.63
810,802,905,VILLEPINTE,73547,JOHV,10H-11H,3.63
810,802,905,VILLEPINTE,73547,JOHV,20H-21H,1.03
810,802,621,PARC DES EXPOSITIONS,73568,JOHV,10H-11H,2.38
810,802,621,PARC DES EXPOSITIONS,73568,JOHV,12H-13H,3.54
810,802,621,PARC DES EXPOSITIONS,73568,JOHV,2H-3H,0
810,802,621,PARC DES EXPOSITIONS,73568,JOHV,3H-4H,0.01
810,802,621,PARC DES EXPOSITIONS,73568,JOHV,6H-7H,1.39
810,802,621,PARC DES EXPOSITIONS,73568,JOHV,15H-16H,7.73
810,802,621,PARC DES EXPOSITIONS,73568,JOHV,20H-21H,3.27
810,802,621,PARC DES EXPOSITIONS,73568,JOHV,21H-22H,1.23
810,802,621,PARC DES EXPOSITIONS,73568,JOHV,0H-1H,0.03
810,802,621,PARC DES EXPOSITIONS,73568,JOHV,11H-12H,3
810,802,621,PARC DES EXPOSITIONS,73568,JOHV,14H-15H,5.21
810,802,621,PARC DES EXPOSITIONS,73568,JOHV,16H-17H,13.49
810,802,621,PARC DES EXPOSITIONS,73568,JOHV,19H-20H,8.55
810,802,621,PARC DES EXPOSITIONS,73568,JOHV,1H-2H,0
810,802,621,PARC DES EXPOSITIONS,73568,JOHV,4H-5H,0.08
810,802,621,PARC DES EXPOSITIONS,73568,JOHV,5H-6H,0.55
810,802,621,PARC DES EXPOSITIONS,73568,JOHV,17H-18H,19.67
810,802,621,PARC DES EXPOSITIONS,73568,JOHV,7H-8H,2.69
810,802,621,PARC DES EXPOSITIONS,73568,JOHV,8H-9H,2.57
810,802,621,PARC DES EXPOSITIONS,73568,JOHV,13H-14H,3.71
810,802,621,PARC DES EXPOSITIONS,73568,JOHV,18H-19H,17.32
810,802,621,PARC DES EXPOSITIONS,73568,JOHV,22H-23H,0.99
810,802,621,PARC DES EXPOSITIONS,73568,JOHV,23H-0H,0.36
810,802,621,PARC DES EXPOSITIONS,73568,JOHV,9H-10H,2.24
810,802,743,AEROPORT CHARLES DE GAULLE 1,73596,JOHV,11H-12H,4.15
810,802,743,AEROPORT CHARLES DE GAULLE 1,73596,JOHV,13H-14H,5.67
810,802,743,AEROPORT CHARLES DE GAULLE 1,73596,JOHV,14H-15H,8.44
810,802,743,AEROPORT CHARLES DE GAULLE 1,73596,JOHV,16H-17H,11.35
810,802,743,AEROPORT CHARLES DE GAULLE 1,73596,JOHV,20H-21H,3.71
810,802,743,AEROPORT CHARLES DE GAULLE 1,73596,JOHV,23H-0H,1.03
810,802,743,AEROPORT CHARLES DE GAULLE 1,73596,JOHV,6H-7H,2.58
810,802,743,AEROPORT CHARLES DE GAULLE 1,73596,JOHV,8H-9H,3.46
810,802,743,AEROPORT CHARLES DE GAULLE 1,73596,JOHV,12H-13H,5.25
810,802,743,AEROPORT CHARLES DE GAULLE 1,73596,JOHV,15H-16H,11.19
810,802,743,AEROPORT CHARLES DE GAULLE 1,73596,JOHV,19H-20H,5.19
810,802,743,AEROPORT CHARLES DE GAULLE 1,73596,JOHV,22H-23H,1.51
810,802,743,AEROPORT CHARLES DE GAULLE 1,73596,JOHV,7H-8H,3.28
810,802,743,AEROPORT CHARLES DE GAULLE 1,73596,JOHV,0H-1H,0.05
810,802,743,AEROPORT CHARLES DE GAULLE 1,73596,JOHV,21H-22H,1.95
810,802,743,AEROPORT CHARLES DE GAULLE 1,73596,JOHV,5H-6H,2.12
810,802,743,AEROPORT CHARLES DE GAULLE 1,73596,JOHV,17H-18H,11.34
810,802,743,AEROPORT CHARLES DE GAULLE 1,73596,JOHV,18H-19H,8.79
810,802,743,AEROPORT CHARLES DE GAULLE 1,73596,JOHV,3H-4H,0.55
810,802,743,AEROPORT CHARLES DE GAULLE 1,73596,JOHV,10H-11H,3.66
810,802,743,AEROPORT CHARLES DE GAULLE 1,73596,JOHV,1H-2H,0.01
810,802,743,AEROPORT CHARLES DE GAULLE 1,73596,JOHV,2H-3H,0.18
810,802,743,AEROPORT CHARLES DE GAULLE 1,73596,JOHV,4H-5H,1.11
810,802,743,AEROPORT CHARLES DE GAULLE 1,73596,JOHV,9H-10H,3.43
810,802,827,SAINT-MICHEL NOTRE DAME,73620,JOHV,10H-11H,2.47
810,802,827,SAINT-MICHEL NOTRE DAME,73620,JOHV,16H-17H,9.99
810,802,827,SAINT-MICHEL NOTRE DAME,73620,JOHV,1H-2H,0.13
810,802,827,SAINT-MICHEL NOTRE DAME,73620,JOHV,20H-21H,5.57
810,802,827,SAINT-MICHEL NOTRE DAME,73620,JOHV,22H-23H,3.18
810,802,827,SAINT-MICHEL NOTRE DAME,73620,JOHV,23H-0H,3.21
810,802,827,SAINT-MICHEL NOTRE DAME,73620,JOHV,13H-14H,5.45
810,802,827,SAINT-MICHEL NOTRE DAME,73620,JOHV,15H-16H,6.74
810,802,827,SAINT-MICHEL NOTRE DAME,73620,JOHV,19H-20H,9.82
810,802,827,SAINT-MICHEL NOTRE DAME,73620,JOHV,21H-22H,3.58
810,802,827,SAINT-MICHEL NOTRE DAME,73620,JOHV,4H-5H,0.01
810,802,827,SAINT-MICHEL NOTRE DAME,73620,JOHV,8H-9H,3.66
810,802,827,SAINT-MICHEL NOTRE DAME,73620,JOHV,14H-15H,5.31
810,802,827,SAINT-MICHEL NOTRE DAME,73620,JOHV,0H-1H,1.57
810,802,827,SAINT-MICHEL NOTRE DAME,73620,JOHV,17H-18H,13.56
810,802,827,SAINT-MICHEL NOTRE DAME,73620,JOHV,6H-7H,0.49
810,802,827,SAINT-MICHEL NOTRE DAME,73620,JOHV,7H-8H,1.59
810,802,827,SAINT-MICHEL NOTRE DAME,73620,JOHV,11H-12H,3.39
810,802,827,SAINT-MICHEL NOTRE DAME,73620,JOHV,12H-13H,4.81
810,802,827,SAINT-MICHEL NOTRE DAME,73620,JOHV,18H-19H,12.31
810,802,827,SAINT-MICHEL NOTRE DAME,73620,JOHV,2H-3H,0.01
810,802,827,SAINT-MICHEL NOTRE DAME,73620,JOHV,3H-4H,0
810,802,827,SAINT-MICHEL NOTRE DAME,73620,JOHV,5H-6H,0.21
810,802,827,SAINT-MICHEL NOTRE DAME,73620,JOHV,9H-10H,2.93
810,802,744,AEROPORT CHARLES DE GAULLE 2-TGV,73699,JOHV,0H-1H,0.06
810,802,744,AEROPORT CHARLES DE GAULLE 2-TGV,73699,JOHV,15H-16H,7.81
810,802,744,AEROPORT CHARLES DE GAULLE 2-TGV,73699,JOHV,17H-18H,6.56
810,802,744,AEROPORT CHARLES DE GAULLE 2-TGV,73699,JOHV,22H-23H,2.84
810,802,744,AEROPORT CHARLES DE GAULLE 2-TGV,73699,JOHV,8H-9H,4.15
810,802,744,AEROPORT CHARLES DE GAULLE 2-TGV,73699,JOHV,12H-13H,6.6
810,802,744,AEROPORT CHARLES DE GAULLE 2-TGV,73699,JOHV,5H-6H,2.03
810,802,744,AEROPORT CHARLES DE GAULLE 2-TGV,73699,JOHV,11H-12H,5.64
810,802,744,AEROPORT CHARLES DE GAULLE 2-TGV,73699,JOHV,4H-5H,1.18
810,802,744,AEROPORT CHARLES DE GAULLE 2-TGV,73699,JOHV,6H-7H,3.01
810,802,744,AEROPORT CHARLES DE GAULLE 2-TGV,73699,JOHV,7H-8H,3.57
810,802,744,AEROPORT CHARLES DE GAULLE 2-TGV,73699,JOHV,14H-15H,7.58
810,802,744,AEROPORT CHARLES DE GAULLE 2-TGV,73699,JOHV,21H-22H,3.93
810,802,744,AEROPORT CHARLES DE GAULLE 2-TGV,73699,JOHV,23H-0H,1.61
810,802,744,AEROPORT CHARLES DE GAULLE 2-TGV,73699,JOHV,2H-3H,0.25
810,802,744,AEROPORT CHARLES DE GAULLE 2-TGV,73699,JOHV,10H-11H,4.79
810,802,744,AEROPORT CHARLES DE GAULLE 2-TGV,73699,JOHV,13H-14H,7.22
810,802,744,AEROPORT CHARLES DE GAULLE 2-TGV,73699,JOHV,16H-17H,7
810,802,744,AEROPORT CHARLES DE GAULLE 2-TGV,73699,JOHV,18H-19H,6.88
810,802,744,AEROPORT CHARLES DE GAULLE 2-TGV,73699,JOHV,19H-20H,5.86
810,802,744,AEROPORT CHARLES DE GAULLE 2-TGV,73699,JOHV,1H-2H,0.01
810,802,744,AEROPORT CHARLES DE GAULLE 2-TGV,73699,JOHV,20H-21H,6.15
810,802,744,AEROPORT CHARLES DE GAULLE 2-TGV,73699,JOHV,3H-4H,0.53
810,802,744,AEROPORT CHARLES DE GAULLE 2-TGV,73699,JOHV,9H-10H,4.77
810,801,163,CHATELET-LES HALLES,73794,JOHV,3H-4H,0
810,801,163,CHATELET-LES HALLES,73794,JOHV,10H-11H,1.92
810,801,163,CHATELET-LES HALLES,73794,JOHV,11H-12H,2.41
810,801,163,CHATELET-LES HALLES,73794,JOHV,12H-13H,3.63
810,801,163,CHATELET-LES HALLES,73794,JOHV,1H-2H,0.05
810,801,163,CHATELET-LES HALLES,73794,JOHV,21H-22H,4.84
810,801,163,CHATELET-LES HALLES,73794,JOHV,5H-6H,0.3
810,801,163,CHATELET-LES HALLES,73794,JOHV,14H-15H,4.9
810,801,163,CHATELET-LES HALLES,73794,JOHV,17H-18H,11.67
810,801,163,CHATELET-LES HALLES,73794,JOHV,22H-23H,4.55
810,801,163,CHATELET-LES HALLES,73794,JOHV,2H-3H,0
810,801,163,CHATELET-LES HALLES,73794,JOHV,7H-8H,1.75
810,801,163,CHATELET-LES HALLES,73794,JOHV,9H-10H,2.79
810,801,163,CHATELET-LES HALLES,73794,JOHV,13H-14H,5.11
810,801,163,CHATELET-LES HALLES,73794,JOHV,15H-16H,5.99
810,801,163,CHATELET-LES HALLES,73794,JOHV,16H-17H,7.93
810,801,163,CHATELET-LES HALLES,73794,JOHV,19H-20H,11.69
810,801,163,CHATELET-LES HALLES,73794,JOHV,23H-0H,3.22
810,801,163,CHATELET-LES HALLES,73794,JOHV,6H-7H,0.58
810,801,163,CHATELET-LES HALLES,73794,JOHV,0H-1H,1.65
810,801,163,CHATELET-LES HALLES,73794,JOHV,18H-19H,13.65
810,801,163,CHATELET-LES HALLES,73794,JOHV,20H-21H,7.72
810,801,163,CHATELET-LES HALLES,73794,JOHV,4H-5H,0.02
810,801,163,CHATELET-LES HALLES,73794,JOHV,8H-9H,3.62
810,802,790,SCEAUX,74265,JOHV,19H-20H,3.94
810,802,790,SCEAUX,74265,JOHV,22H-23H,0.85
810,802,790,SCEAUX,74265,JOHV,23H-0H,0.69
810,802,790,SCEAUX,74265,JOHV,4H-5H,0.19
810,802,790,SCEAUX,74265,JOHV,6H-7H,2.9
810,802,790,SCEAUX,74265,JOHV,12H-13H,5.01
810,802,790,SCEAUX,74265,JOHV,1H-2H,0.04
810,802,790,SCEAUX,74265,JOHV,20H-21H,2.74
810,802,790,SCEAUX,74265,JOHV,3H-4H,0
810,802,790,SCEAUX,74265,JOHV,5H-6H,0.87
810,802,790,SCEAUX,74265,JOHV,0H-1H,0.24
810,802,790,SCEAUX,74265,JOHV,10H-11H,3.3
810,802,790,SCEAUX,74265,JOHV,13H-14H,4.09
810,802,790,SCEAUX,74265,JOHV,16H-17H,6.2
810,802,790,SCEAUX,74265,JOHV,17H-18H,7.63
810,802,790,SCEAUX,74265,JOHV,18H-19H,6.11
810,802,790,SCEAUX,74265,JOHV,7H-8H,14.1
810,802,790,SCEAUX,74265,JOHV,14H-15H,3.51
810,802,790,SCEAUX,74265,JOHV,15H-16H,4.6
810,802,790,SCEAUX,74265,JOHV,21H-22H,1.02
810,802,790,SCEAUX,74265,JOHV,2H-3H,0
810,802,790,SCEAUX,74265,JOHV,8H-9H,21.19
810,802,790,SCEAUX,74265,JOHV,11H-12H,3.46
810,802,790,SCEAUX,74265,JOHV,9H-10H,7.32
